"ITTER107","Territorio","TIPO_DATO_AVQ","Tipo dato","MISURA_AVQ","Misura","TIME","Seleziona periodo","Value","Flag Codes","Flags"
"IT","Italia","3_SPORT_OCCAS","in modo saltuario","THV","valori in migliaia","2020","2020",5559,,
"IT","Italia","3_SPORT_OCCAS","in modo saltuario","THV","valori in migliaia","2021","2021",6368,,
"IT","Italia","3_SPORT_CONT","in modo continuativo","HSC","per 100 persone con le stesse caratteristiche","2020","2020",27.1,,
"IT","Italia","3_SPORT_CONT","in modo continuativo","HSC","per 100 persone con le stesse caratteristiche","2021","2021",23.6,,
"IT","Italia","3_PHYS_ACTIV","solo qualche attività fisica","THV","valori in migliaia","2020","2020",16419,,
"IT","Italia","3_PHYS_ACTIV","solo qualche attività fisica","THV","valori in migliaia","2021","2021",18516,,
"IT","Italia","3_NEV_SPORT","non praticano sport, né attività fisica","HSC","per 100 persone con le stesse caratteristiche","2020","2020",35.2,,
"IT","Italia","3_NEV_SPORT","non praticano sport, né attività fisica","HSC","per 100 persone con le stesse caratteristiche","2021","2021",33.7,,
"IT","Italia","3_SPORT_CONT","in modo continuativo","THV","valori in migliaia","2020","2020",15837,,
"IT","Italia","3_SPORT_CONT","in modo continuativo","THV","valori in migliaia","2021","2021",13769,,
"IT","Italia","3_PHYS_ACTIV","solo qualche attività fisica","HSC","per 100 persone con le stesse caratteristiche","2020","2020",28.1,,
"IT","Italia","3_PHYS_ACTIV","solo qualche attività fisica","HSC","per 100 persone con le stesse caratteristiche","2021","2021",31.7,,
"IT","Italia","3_NEV_SPORT","non praticano sport, né attività fisica","THV","valori in migliaia","2020","2020",20583,,
"IT","Italia","3_NEV_SPORT","non praticano sport, né attività fisica","THV","valori in migliaia","2021","2021",19677,,
"IT","Italia","3_SPORT_OCCAS","in modo saltuario","HSC","per 100 persone con le stesse caratteristiche","2020","2020",9.5,,
"IT","Italia","3_SPORT_OCCAS","in modo saltuario","HSC","per 100 persone con le stesse caratteristiche","2021","2021",10.9,,
"ITF2","Molise","3_SPORT_OCCAS","in modo saltuario","HSC","per 100 persone con le stesse caratteristiche","2020","2020",8.6,,
"ITF2","Molise","3_SPORT_OCCAS","in modo saltuario","HSC","per 100 persone con le stesse caratteristiche","2021","2021",8.2,,
"ITF2","Molise","3_PHYS_ACTIV","solo qualche attività fisica","THV","valori in migliaia","2020","2020",74,,
"ITF2","Molise","3_PHYS_ACTIV","solo qualche attività fisica","THV","valori in migliaia","2021","2021",88,,
"ITDA","Trentino Alto Adige / Südtirol","3_SPORT_OCCAS","in modo saltuario","HSC","per 100 persone con le stesse caratteristiche","2020","2020",16.6,,
"ITDA","Trentino Alto Adige / Südtirol","3_SPORT_OCCAS","in modo saltuario","HSC","per 100 persone con le stesse caratteristiche","2021","2021",14.4,,
"ITFG","Mezzogiorno","3_NEV_SPORT","non praticano sport, né attività fisica","THV","valori in migliaia","2020","2020",9892,,
"ITFG","Mezzogiorno","3_NEV_SPORT","non praticano sport, né attività fisica","THV","valori in migliaia","2021","2021",9550,,
"9","50.001 ab. e più","3_SPORT_CONT","in modo continuativo","HSC","per 100 persone con le stesse caratteristiche","2020","2020",29.1,,
"9","50.001 ab. e più","3_SPORT_CONT","in modo continuativo","HSC","per 100 persone con le stesse caratteristiche","2021","2021",23.4,,
"ITD","Nord-est","3_SPORT_CONT","in modo continuativo","THV","valori in migliaia","2020","2020",3599,,
"ITD","Nord-est","3_SPORT_CONT","in modo continuativo","THV","valori in migliaia","2021","2021",3230,,
"ITF","Sud","3_SPORT_CONT","in modo continuativo","THV","valori in migliaia","2020","2020",2659,,
"ITF","Sud","3_SPORT_CONT","in modo continuativo","THV","valori in migliaia","2021","2021",2217,,
"3","periferia area metropolitana","3_PHYS_ACTIV","solo qualche attività fisica","THV","valori in migliaia","2020","2020",2218,,
"3","periferia area metropolitana","3_PHYS_ACTIV","solo qualche attività fisica","THV","valori in migliaia","2021","2021",2427,,
"ITF6","Calabria","3_PHYS_ACTIV","solo qualche attività fisica","THV","valori in migliaia","2020","2020",469,,
"ITF6","Calabria","3_PHYS_ACTIV","solo qualche attività fisica","THV","valori in migliaia","2021","2021",520,,
"ITC3","Liguria","3_PHYS_ACTIV","solo qualche attività fisica","HSC","per 100 persone con le stesse caratteristiche","2020","2020",35.4,,
"ITC3","Liguria","3_PHYS_ACTIV","solo qualche attività fisica","HSC","per 100 persone con le stesse caratteristiche","2021","2021",38.6,,
"ITE","Centro","3_NEV_SPORT","non praticano sport, né attività fisica","HSC","per 100 persone con le stesse caratteristiche","2020","2020",32.6,,
"ITE","Centro","3_NEV_SPORT","non praticano sport, né attività fisica","HSC","per 100 persone con le stesse caratteristiche","2021","2021",30.5,,
"ITG","Isole","3_PHYS_ACTIV","solo qualche attività fisica","THV","valori in migliaia","2020","2020",1440,,
"ITG","Isole","3_PHYS_ACTIV","solo qualche attività fisica","THV","valori in migliaia","2021","2021",1760,,
"ITG1","Sicilia","3_SPORT_OCCAS","in modo saltuario","THV","valori in migliaia","2020","2020",280,,
"ITG1","Sicilia","3_SPORT_OCCAS","in modo saltuario","THV","valori in migliaia","2021","2021",364,,
"ITG","Isole","3_SPORT_OCCAS","in modo saltuario","HSC","per 100 persone con le stesse caratteristiche","2020","2020",6.7,,
"ITG","Isole","3_SPORT_OCCAS","in modo saltuario","HSC","per 100 persone con le stesse caratteristiche","2021","2021",8.1,,
"ITD2","Provincia Autonoma Trento","3_SPORT_CONT","in modo continuativo","THV","valori in migliaia","2020","2020",178,,
"ITD2","Provincia Autonoma Trento","3_SPORT_CONT","in modo continuativo","THV","valori in migliaia","2021","2021",171,,
"ITE1","Toscana","3_PHYS_ACTIV","solo qualche attività fisica","HSC","per 100 persone con le stesse caratteristiche","2020","2020",31.2,,
"ITE1","Toscana","3_PHYS_ACTIV","solo qualche attività fisica","HSC","per 100 persone con le stesse caratteristiche","2021","2021",34,,
"ITF4","Puglia","3_SPORT_CONT","in modo continuativo","THV","valori in migliaia","2020","2020",872,,
"ITF4","Puglia","3_SPORT_CONT","in modo continuativo","THV","valori in migliaia","2021","2021",693,,
"ITF3","Campania","3_PHYS_ACTIV","solo qualche attività fisica","HSC","per 100 persone con le stesse caratteristiche","2020","2020",21.5,,
"ITF3","Campania","3_PHYS_ACTIV","solo qualche attività fisica","HSC","per 100 persone con le stesse caratteristiche","2021","2021",26.3,,
"ITC3","Liguria","3_SPORT_OCCAS","in modo saltuario","THV","valori in migliaia","2020","2020",158,,
"ITC3","Liguria","3_SPORT_OCCAS","in modo saltuario","THV","valori in migliaia","2021","2021",196,,
"ITE2","Umbria","3_SPORT_OCCAS","in modo saltuario","THV","valori in migliaia","2020","2020",77,,
"ITE2","Umbria","3_SPORT_OCCAS","in modo saltuario","THV","valori in migliaia","2021","2021",90,,
"ITD4","Friuli-Venezia Giulia","3_PHYS_ACTIV","solo qualche attività fisica","THV","valori in migliaia","2020","2020",377,,
"ITD4","Friuli-Venezia Giulia","3_PHYS_ACTIV","solo qualche attività fisica","THV","valori in migliaia","2021","2021",439,,
"ITG2","Sardegna","3_NEV_SPORT","non praticano sport, né attività fisica","THV","valori in migliaia","2020","2020",511,,
"ITG2","Sardegna","3_NEV_SPORT","non praticano sport, né attività fisica","THV","valori in migliaia","2021","2021",500,,
"ITD4","Friuli-Venezia Giulia","3_SPORT_OCCAS","in modo saltuario","HSC","per 100 persone con le stesse caratteristiche","2020","2020",10.6,,
"ITD4","Friuli-Venezia Giulia","3_SPORT_OCCAS","in modo saltuario","HSC","per 100 persone con le stesse caratteristiche","2021","2021",13.4,,
"ITG2","Sardegna","3_PHYS_ACTIV","solo qualche attività fisica","HSC","per 100 persone con le stesse caratteristiche","2020","2020",30.8,,
"ITG2","Sardegna","3_PHYS_ACTIV","solo qualche attività fisica","HSC","per 100 persone con le stesse caratteristiche","2021","2021",36.4,,
"3","periferia area metropolitana","3_NEV_SPORT","non praticano sport, né attività fisica","HSC","per 100 persone con le stesse caratteristiche","2020","2020",35.7,,
"3","periferia area metropolitana","3_NEV_SPORT","non praticano sport, né attività fisica","HSC","per 100 persone con le stesse caratteristiche","2021","2021",36.2,,
"ITF6","Calabria","3_NEV_SPORT","non praticano sport, né attività fisica","HSC","per 100 persone con le stesse caratteristiche","2020","2020",50.8,,
"ITF6","Calabria","3_NEV_SPORT","non praticano sport, né attività fisica","HSC","per 100 persone con le stesse caratteristiche","2021","2021",49.7,,
"ITFG","Mezzogiorno","3_PHYS_ACTIV","solo qualche attività fisica","HSC","per 100 persone con le stesse caratteristiche","2020","2020",23.4,,
"ITFG","Mezzogiorno","3_PHYS_ACTIV","solo qualche attività fisica","HSC","per 100 persone con le stesse caratteristiche","2021","2021",26.8,,
"ITF1","Abruzzo","3_SPORT_OCCAS","in modo saltuario","THV","valori in migliaia","2020","2020",99,,
"ITF1","Abruzzo","3_SPORT_OCCAS","in modo saltuario","THV","valori in migliaia","2021","2021",150,,
"7","2.001 - 10.000 ab.","3_PHYS_ACTIV","solo qualche attività fisica","HSC","per 100 persone con le stesse caratteristiche","2020","2020",28.3,,
"7","2.001 - 10.000 ab.","3_PHYS_ACTIV","solo qualche attività fisica","HSC","per 100 persone con le stesse caratteristiche","2021","2021",32.5,,
"ITF6","Calabria","3_SPORT_OCCAS","in modo saltuario","HSC","per 100 persone con le stesse caratteristiche","2020","2020",6,,
"ITF6","Calabria","3_SPORT_OCCAS","in modo saltuario","HSC","per 100 persone con le stesse caratteristiche","2021","2021",6.7,,
"ITE4","Lazio","3_NEV_SPORT","non praticano sport, né attività fisica","HSC","per 100 persone con le stesse caratteristiche","2020","2020",34.3,,
"ITE4","Lazio","3_NEV_SPORT","non praticano sport, né attività fisica","HSC","per 100 persone con le stesse caratteristiche","2021","2021",32.6,,
"ITC3","Liguria","3_NEV_SPORT","non praticano sport, né attività fisica","THV","valori in migliaia","2020","2020",387,,
"ITC3","Liguria","3_NEV_SPORT","non praticano sport, né attività fisica","THV","valori in migliaia","2021","2021",375,,
"2","centro area metropolitana","3_PHYS_ACTIV","solo qualche attività fisica","HSC","per 100 persone con le stesse caratteristiche","2020","2020",28.2,,
"2","centro area metropolitana","3_PHYS_ACTIV","solo qualche attività fisica","HSC","per 100 persone con le stesse caratteristiche","2021","2021",33.1,,
"ITD4","Friuli-Venezia Giulia","3_NEV_SPORT","non praticano sport, né attività fisica","HSC","per 100 persone con le stesse caratteristiche","2020","2020",25.1,,
"ITD4","Friuli-Venezia Giulia","3_NEV_SPORT","non praticano sport, né attività fisica","HSC","per 100 persone con le stesse caratteristiche","2021","2021",25,,
"ITE3","Marche","3_PHYS_ACTIV","solo qualche attività fisica","HSC","per 100 persone con le stesse caratteristiche","2020","2020",31.8,,
"ITE3","Marche","3_PHYS_ACTIV","solo qualche attività fisica","HSC","per 100 persone con le stesse caratteristiche","2021","2021",33.2,,
"ITFG","Mezzogiorno","3_SPORT_CONT","in modo continuativo","HSC","per 100 persone con le stesse caratteristiche","2020","2020",19.8,,
"ITFG","Mezzogiorno","3_SPORT_CONT","in modo continuativo","HSC","per 100 persone con le stesse caratteristiche","2021","2021",16.7,,
"ITD2","Provincia Autonoma Trento","3_PHYS_ACTIV","solo qualche attività fisica","THV","valori in migliaia","2020","2020",164,,
"ITD2","Provincia Autonoma Trento","3_PHYS_ACTIV","solo qualche attività fisica","THV","valori in migliaia","2021","2021",205,,
"ITD2","Provincia Autonoma Trento","3_SPORT_OCCAS","in modo saltuario","HSC","per 100 persone con le stesse caratteristiche","2020","2020",17.5,,
"ITD2","Provincia Autonoma Trento","3_SPORT_OCCAS","in modo saltuario","HSC","per 100 persone con le stesse caratteristiche","2021","2021",15.2,,
"ITE2","Umbria","3_PHYS_ACTIV","solo qualche attività fisica","HSC","per 100 persone con le stesse caratteristiche","2020","2020",30.3,,
"ITE2","Umbria","3_PHYS_ACTIV","solo qualche attività fisica","HSC","per 100 persone con le stesse caratteristiche","2021","2021",33,,
"ITC2","Valle d'Aosta / Vallée d'Aoste","3_SPORT_OCCAS","in modo saltuario","HSC","per 100 persone con le stesse caratteristiche","2020","2020",15.6,,
"ITC2","Valle d'Aosta / Vallée d'Aoste","3_SPORT_OCCAS","in modo saltuario","HSC","per 100 persone con le stesse caratteristiche","2021","2021",14,,
"ITF4","Puglia","3_SPORT_OCCAS","in modo saltuario","HSC","per 100 persone con le stesse caratteristiche","2020","2020",9.5,,
"ITF4","Puglia","3_SPORT_OCCAS","in modo saltuario","HSC","per 100 persone con le stesse caratteristiche","2021","2021",10.6,,
"ITD4","Friuli-Venezia Giulia","3_SPORT_CONT","in modo continuativo","THV","valori in migliaia","2020","2020",380,,
"ITD4","Friuli-Venezia Giulia","3_SPORT_CONT","in modo continuativo","THV","valori in migliaia","2021","2021",285,,
"ITD1","Provincia Autonoma Bolzano / Bozen","3_PHYS_ACTIV","solo qualche attività fisica","THV","valori in migliaia","2020","2020",128,,
"ITD1","Provincia Autonoma Bolzano / Bozen","3_PHYS_ACTIV","solo qualche attività fisica","THV","valori in migliaia","2021","2021",128,,
"ITD1","Provincia Autonoma Bolzano / Bozen","3_SPORT_OCCAS","in modo saltuario","HSC","per 100 persone con le stesse caratteristiche","2020","2020",15.8,,
"ITD1","Provincia Autonoma Bolzano / Bozen","3_SPORT_OCCAS","in modo saltuario","HSC","per 100 persone con le stesse caratteristiche","2021","2021",13.6,,
"ITF2","Molise","3_SPORT_CONT","in modo continuativo","THV","valori in migliaia","2020","2020",68,,
"ITF2","Molise","3_SPORT_CONT","in modo continuativo","THV","valori in migliaia","2021","2021",45,,
"ITC","Nord-ovest","3_NEV_SPORT","non praticano sport, né attività fisica","HSC","per 100 persone con le stesse caratteristiche","2020","2020",27.2,,
"ITC","Nord-ovest","3_NEV_SPORT","non praticano sport, né attività fisica","HSC","per 100 persone con le stesse caratteristiche","2021","2021",24.9,,
"ITG1","Sicilia","3_SPORT_CONT","in modo continuativo","HSC","per 100 persone con le stesse caratteristiche","2020","2020",17.4,,
"ITG1","Sicilia","3_SPORT_CONT","in modo continuativo","HSC","per 100 persone con le stesse caratteristiche","2021","2021",15.6,,
"ITDA","Trentino Alto Adige / Südtirol","3_SPORT_CONT","in modo continuativo","THV","valori in migliaia","2020","2020",407,,
"ITDA","Trentino Alto Adige / Südtirol","3_SPORT_CONT","in modo continuativo","THV","valori in migliaia","2021","2021",411,,
"7","2.001 - 10.000 ab.","3_NEV_SPORT","non praticano sport, né attività fisica","HSC","per 100 persone con le stesse caratteristiche","2020","2020",36.7,,
"7","2.001 - 10.000 ab.","3_NEV_SPORT","non praticano sport, né attività fisica","HSC","per 100 persone con le stesse caratteristiche","2021","2021",33.7,,
"ITDA","Trentino Alto Adige / Südtirol","3_PHYS_ACTIV","solo qualche attività fisica","HSC","per 100 persone con le stesse caratteristiche","2020","2020",28.1,,
"ITDA","Trentino Alto Adige / Südtirol","3_PHYS_ACTIV","solo qualche attività fisica","HSC","per 100 persone con le stesse caratteristiche","2021","2021",32.2,,
"ITE","Centro","3_SPORT_CONT","in modo continuativo","HSC","per 100 persone con le stesse caratteristiche","2020","2020",29.3,,
"ITE","Centro","3_SPORT_CONT","in modo continuativo","HSC","per 100 persone con le stesse caratteristiche","2021","2021",25.9,,
"2","centro area metropolitana","3_SPORT_CONT","in modo continuativo","HSC","per 100 persone con le stesse caratteristiche","2020","2020",30.7,,
"2","centro area metropolitana","3_SPORT_CONT","in modo continuativo","HSC","per 100 persone con le stesse caratteristiche","2021","2021",25.3,,
"ITD5","Emilia-Romagna","3_SPORT_CONT","in modo continuativo","THV","valori in migliaia","2020","2020",1314,,
"ITD5","Emilia-Romagna","3_SPORT_CONT","in modo continuativo","THV","valori in migliaia","2021","2021",1214,,
"2","centro area metropolitana","3_SPORT_OCCAS","in modo saltuario","THV","valori in migliaia","2020","2020",849,,
"2","centro area metropolitana","3_SPORT_OCCAS","in modo saltuario","THV","valori in migliaia","2021","2021",945,,
"ITF1","Abruzzo","3_SPORT_CONT","in modo continuativo","THV","valori in migliaia","2020","2020",328,,
"ITF1","Abruzzo","3_SPORT_CONT","in modo continuativo","THV","valori in migliaia","2021","2021",298,,
"6","fino a 2.000 ab.","3_PHYS_ACTIV","solo qualche attività fisica","HSC","per 100 persone con le stesse caratteristiche","2020","2020",30.6,,
"6","fino a 2.000 ab.","3_PHYS_ACTIV","solo qualche attività fisica","HSC","per 100 persone con le stesse caratteristiche","2021","2021",33.2,,
"ITC1","Piemonte","3_NEV_SPORT","non praticano sport, né attività fisica","HSC","per 100 persone con le stesse caratteristiche","2020","2020",31.8,,
"ITC1","Piemonte","3_NEV_SPORT","non praticano sport, né attività fisica","HSC","per 100 persone con le stesse caratteristiche","2021","2021",30.2,,
"ITD1","Provincia Autonoma Bolzano / Bozen","3_SPORT_CONT","in modo continuativo","THV","valori in migliaia","2020","2020",229,,
"ITD1","Provincia Autonoma Bolzano / Bozen","3_SPORT_CONT","in modo continuativo","THV","valori in migliaia","2021","2021",239,,
"ITG2","Sardegna","3_SPORT_OCCAS","in modo saltuario","THV","valori in migliaia","2020","2020",147,,
"ITG2","Sardegna","3_SPORT_OCCAS","in modo saltuario","THV","valori in migliaia","2021","2021",152,,
"ITD","Nord-est","3_SPORT_OCCAS","in modo saltuario","HSC","per 100 persone con le stesse caratteristiche","2020","2020",12.6,,
"ITD","Nord-est","3_SPORT_OCCAS","in modo saltuario","HSC","per 100 persone con le stesse caratteristiche","2021","2021",13,,
"ITE","Centro","3_PHYS_ACTIV","solo qualche attività fisica","THV","valori in migliaia","2020","2020",3298,,
"ITE","Centro","3_PHYS_ACTIV","solo qualche attività fisica","THV","valori in migliaia","2021","2021",3802,,
"9","50.001 ab. e più","3_SPORT_OCCAS","in modo saltuario","THV","valori in migliaia","2020","2020",951,,
"9","50.001 ab. e più","3_SPORT_OCCAS","in modo saltuario","THV","valori in migliaia","2021","2021",1108,,
"ITD","Nord-est","3_PHYS_ACTIV","solo qualche attività fisica","HSC","per 100 persone con le stesse caratteristiche","2020","2020",32.2,,
"ITD","Nord-est","3_PHYS_ACTIV","solo qualche attività fisica","HSC","per 100 persone con le stesse caratteristiche","2021","2021",34.4,,
"ITG","Isole","3_NEV_SPORT","non praticano sport, né attività fisica","HSC","per 100 persone con le stesse caratteristiche","2020","2020",50.7,,
"ITG","Isole","3_NEV_SPORT","non praticano sport, né attività fisica","HSC","per 100 persone con le stesse caratteristiche","2021","2021",47.1,,
"ITCD","Nord","3_SPORT_CONT","in modo continuativo","HSC","per 100 persone con le stesse caratteristiche","2020","2020",31.6,,
"ITCD","Nord","3_SPORT_CONT","in modo continuativo","HSC","per 100 persone con le stesse caratteristiche","2021","2021",27.7,,
"ITG1","Sicilia","3_PHYS_ACTIV","solo qualche attività fisica","HSC","per 100 persone con le stesse caratteristiche","2020","2020",19.8,,
"ITG1","Sicilia","3_PHYS_ACTIV","solo qualche attività fisica","HSC","per 100 persone con le stesse caratteristiche","2021","2021",24.6,,
"ITD","Nord-est","3_NEV_SPORT","non praticano sport, né attività fisica","THV","valori in migliaia","2020","2020",2650,,
"ITD","Nord-est","3_NEV_SPORT","non praticano sport, né attività fisica","THV","valori in migliaia","2021","2021",2702,,
"ITD5","Emilia-Romagna","3_NEV_SPORT","non praticano sport, né attività fisica","HSC","per 100 persone con le stesse caratteristiche","2020","2020",26.9,,
"ITD5","Emilia-Romagna","3_NEV_SPORT","non praticano sport, né attività fisica","HSC","per 100 persone con le stesse caratteristiche","2021","2021",26.8,,
"3","periferia area metropolitana","3_SPORT_OCCAS","in modo saltuario","THV","valori in migliaia","2020","2020",799,,
"3","periferia area metropolitana","3_SPORT_OCCAS","in modo saltuario","THV","valori in migliaia","2021","2021",870,,
"ITE2","Umbria","3_SPORT_CONT","in modo continuativo","HSC","per 100 persone con le stesse caratteristiche","2020","2020",24.9,,
"ITE2","Umbria","3_SPORT_CONT","in modo continuativo","HSC","per 100 persone con le stesse caratteristiche","2021","2021",23.7,,
"ITC2","Valle d'Aosta / Vallée d'Aoste","3_SPORT_CONT","in modo continuativo","THV","valori in migliaia","2020","2020",41,,
"ITC2","Valle d'Aosta / Vallée d'Aoste","3_SPORT_CONT","in modo continuativo","THV","valori in migliaia","2021","2021",39,,
"ITF3","Campania","3_NEV_SPORT","non praticano sport, né attività fisica","THV","valori in migliaia","2020","2020",3122,,
"ITF3","Campania","3_NEV_SPORT","non praticano sport, né attività fisica","THV","valori in migliaia","2021","2021",2962,,
"ITE3","Marche","3_NEV_SPORT","non praticano sport, né attività fisica","HSC","per 100 persone con le stesse caratteristiche","2020","2020",31.4,,
"ITE3","Marche","3_NEV_SPORT","non praticano sport, né attività fisica","HSC","per 100 persone con le stesse caratteristiche","2021","2021",30.5,,
"ITF5","Basilicata","3_SPORT_OCCAS","in modo saltuario","HSC","per 100 persone con le stesse caratteristiche","2020","2020",6.3,,
"ITF5","Basilicata","3_SPORT_OCCAS","in modo saltuario","HSC","per 100 persone con le stesse caratteristiche","2021","2021",8.7,,
"ITF5","Basilicata","3_PHYS_ACTIV","solo qualche attività fisica","THV","valori in migliaia","2020","2020",144,,
"ITF5","Basilicata","3_PHYS_ACTIV","solo qualche attività fisica","THV","valori in migliaia","2021","2021",136,,
"ITFG","Mezzogiorno","3_SPORT_OCCAS","in modo saltuario","THV","valori in migliaia","2020","2020",1382,,
"ITFG","Mezzogiorno","3_SPORT_OCCAS","in modo saltuario","THV","valori in migliaia","2021","2021",1638,,
"ITD5","Emilia-Romagna","3_PHYS_ACTIV","solo qualche attività fisica","THV","valori in migliaia","2020","2020",1321,,
"ITD5","Emilia-Romagna","3_PHYS_ACTIV","solo qualche attività fisica","THV","valori in migliaia","2021","2021",1483,,
"2","centro area metropolitana","3_NEV_SPORT","non praticano sport, né attività fisica","THV","valori in migliaia","2020","2020",2768,,
"2","centro area metropolitana","3_NEV_SPORT","non praticano sport, né attività fisica","THV","valori in migliaia","2021","2021",2723,,
"ITD5","Emilia-Romagna","3_SPORT_OCCAS","in modo saltuario","HSC","per 100 persone con le stesse caratteristiche","2020","2020",12.4,,
"ITD5","Emilia-Romagna","3_SPORT_OCCAS","in modo saltuario","HSC","per 100 persone con le stesse caratteristiche","2021","2021",11,,
"ITD3","Veneto","3_SPORT_CONT","in modo continuativo","THV","valori in migliaia","2020","2020",1498,,
"ITD3","Veneto","3_SPORT_CONT","in modo continuativo","THV","valori in migliaia","2021","2021",1321,,
"ITCD","Nord","3_NEV_SPORT","non praticano sport, né attività fisica","HSC","per 100 persone con le stesse caratteristiche","2020","2020",25.6,,
"ITCD","Nord","3_NEV_SPORT","non praticano sport, né attività fisica","HSC","per 100 persone con le stesse caratteristiche","2021","2021",24.5,,
"ITE","Centro","3_SPORT_OCCAS","in modo saltuario","THV","valori in migliaia","2020","2020",1139,,
"ITE","Centro","3_SPORT_OCCAS","in modo saltuario","THV","valori in migliaia","2021","2021",1256,,
"ITF","Sud","3_NEV_SPORT","non praticano sport, né attività fisica","THV","valori in migliaia","2020","2020",6652,,
"ITF","Sud","3_NEV_SPORT","non praticano sport, né attività fisica","THV","valori in migliaia","2021","2021",6546,,
"ITG2","Sardegna","3_SPORT_CONT","in modo continuativo","THV","valori in migliaia","2020","2020",435,,
"ITG2","Sardegna","3_SPORT_CONT","in modo continuativo","THV","valori in migliaia","2021","2021",353,,
"ITD3","Veneto","3_SPORT_OCCAS","in modo saltuario","THV","valori in migliaia","2020","2020",587,,
"ITD3","Veneto","3_SPORT_OCCAS","in modo saltuario","THV","valori in migliaia","2021","2021",686,,
"8","10.001 - 50.000 ab.","3_PHYS_ACTIV","solo qualche attività fisica","HSC","per 100 persone con le stesse caratteristiche","2020","2020",29,,
"8","10.001 - 50.000 ab.","3_PHYS_ACTIV","solo qualche attività fisica","HSC","per 100 persone con le stesse caratteristiche","2021","2021",32.1,,
"ITF","Sud","3_PHYS_ACTIV","solo qualche attività fisica","HSC","per 100 persone con le stesse caratteristiche","2020","2020",23.7,,
"ITF","Sud","3_PHYS_ACTIV","solo qualche attività fisica","HSC","per 100 persone con le stesse caratteristiche","2021","2021",26.5,,
"ITC4","Lombardia","3_NEV_SPORT","non praticano sport, né attività fisica","THV","valori in migliaia","2020","2020",2492,,
"ITC4","Lombardia","3_NEV_SPORT","non praticano sport, né attività fisica","THV","valori in migliaia","2021","2021",2215,,
"ITC4","Lombardia","3_PHYS_ACTIV","solo qualche attività fisica","HSC","per 100 persone con le stesse caratteristiche","2020","2020",30.8,,
"ITC4","Lombardia","3_PHYS_ACTIV","solo qualche attività fisica","HSC","per 100 persone con le stesse caratteristiche","2021","2021",36.4,,
"ITC2","Valle d'Aosta / Vallée d'Aoste","3_NEV_SPORT","non praticano sport, né attività fisica","HSC","per 100 persone con le stesse caratteristiche","2020","2020",25.1,,
"ITC2","Valle d'Aosta / Vallée d'Aoste","3_NEV_SPORT","non praticano sport, né attività fisica","HSC","per 100 persone con le stesse caratteristiche","2021","2021",19.6,,
"ITG","Isole","3_SPORT_CONT","in modo continuativo","THV","valori in migliaia","2020","2020",1272,,
"ITG","Isole","3_SPORT_CONT","in modo continuativo","THV","valori in migliaia","2021","2021",1102,,
"6","fino a 2.000 ab.","3_NEV_SPORT","non praticano sport, né attività fisica","THV","valori in migliaia","2020","2020",1053,,
"6","fino a 2.000 ab.","3_NEV_SPORT","non praticano sport, né attività fisica","THV","valori in migliaia","2021","2021",1071,,
"ITF5","Basilicata","3_NEV_SPORT","non praticano sport, né attività fisica","THV","valori in migliaia","2020","2020",266,,
"ITF5","Basilicata","3_NEV_SPORT","non praticano sport, né attività fisica","THV","valori in migliaia","2021","2021",269,,
"8","10.001 - 50.000 ab.","3_SPORT_OCCAS","in modo saltuario","THV","valori in migliaia","2020","2020",1453,,
"8","10.001 - 50.000 ab.","3_SPORT_OCCAS","in modo saltuario","THV","valori in migliaia","2021","2021",1628,,
"ITC4","Lombardia","3_SPORT_OCCAS","in modo saltuario","HSC","per 100 persone con le stesse caratteristiche","2020","2020",10.3,,
"ITC4","Lombardia","3_SPORT_OCCAS","in modo saltuario","HSC","per 100 persone con le stesse caratteristiche","2021","2021",13,,
"8","10.001 - 50.000 ab.","3_SPORT_CONT","in modo continuativo","HSC","per 100 persone con le stesse caratteristiche","2020","2020",24.8,,
"8","10.001 - 50.000 ab.","3_SPORT_CONT","in modo continuativo","HSC","per 100 persone con le stesse caratteristiche","2021","2021",24,,
"ITCD","Nord","3_SPORT_OCCAS","in modo saltuario","THV","valori in migliaia","2020","2020",3038,,
"ITCD","Nord","3_SPORT_OCCAS","in modo saltuario","THV","valori in migliaia","2021","2021",3474,,
"ITG1","Sicilia","3_NEV_SPORT","non praticano sport, né attività fisica","THV","valori in migliaia","2020","2020",2729,,
"ITG1","Sicilia","3_NEV_SPORT","non praticano sport, né attività fisica","THV","valori in migliaia","2021","2021",2505,,
"3","periferia area metropolitana","3_SPORT_CONT","in modo continuativo","HSC","per 100 persone con le stesse caratteristiche","2020","2020",28.4,,
"3","periferia area metropolitana","3_SPORT_CONT","in modo continuativo","HSC","per 100 persone con le stesse caratteristiche","2021","2021",24.7,,
"ITE1","Toscana","3_SPORT_OCCAS","in modo saltuario","HSC","per 100 persone con le stesse caratteristiche","2020","2020",9.6,,
"ITE1","Toscana","3_SPORT_OCCAS","in modo saltuario","HSC","per 100 persone con le stesse caratteristiche","2021","2021",12.5,,
"ITD1","Provincia Autonoma Bolzano / Bozen","3_SPORT_CONT","in modo continuativo","HSC","per 100 persone con le stesse caratteristiche","2020","2020",44.7,,
"ITD1","Provincia Autonoma Bolzano / Bozen","3_SPORT_CONT","in modo continuativo","HSC","per 100 persone con le stesse caratteristiche","2021","2021",46.8,,
"7","2.001 - 10.000 ab.","3_NEV_SPORT","non praticano sport, né attività fisica","THV","valori in migliaia","2020","2020",4810,,
"7","2.001 - 10.000 ab.","3_NEV_SPORT","non praticano sport, né attività fisica","THV","valori in migliaia","2021","2021",4416,,
"6","fino a 2.000 ab.","3_NEV_SPORT","non praticano sport, né attività fisica","HSC","per 100 persone con le stesse caratteristiche","2020","2020",35.5,,
"6","fino a 2.000 ab.","3_NEV_SPORT","non praticano sport, né attività fisica","HSC","per 100 persone con le stesse caratteristiche","2021","2021",36.1,,
"ITD1","Provincia Autonoma Bolzano / Bozen","3_SPORT_OCCAS","in modo saltuario","THV","valori in migliaia","2020","2020",81,,
"ITD1","Provincia Autonoma Bolzano / Bozen","3_SPORT_OCCAS","in modo saltuario","THV","valori in migliaia","2021","2021",70,,
"ITE","Centro","3_PHYS_ACTIV","solo qualche attività fisica","HSC","per 100 persone con le stesse caratteristiche","2020","2020",28.3,,
"ITE","Centro","3_PHYS_ACTIV","solo qualche attività fisica","HSC","per 100 persone con le stesse caratteristiche","2021","2021",32.8,,
"ITE1","Toscana","3_PHYS_ACTIV","solo qualche attività fisica","THV","valori in migliaia","2020","2020",1129,,
"ITE1","Toscana","3_PHYS_ACTIV","solo qualche attività fisica","THV","valori in migliaia","2021","2021",1224,,
"ITE","Centro","3_NEV_SPORT","non praticano sport, né attività fisica","THV","valori in migliaia","2020","2020",3792,,
"ITE","Centro","3_NEV_SPORT","non praticano sport, né attività fisica","THV","valori in migliaia","2021","2021",3544,,
"ITG","Isole","3_SPORT_OCCAS","in modo saltuario","THV","valori in migliaia","2020","2020",427,,
"ITG","Isole","3_SPORT_OCCAS","in modo saltuario","THV","valori in migliaia","2021","2021",516,,
"2","centro area metropolitana","3_SPORT_OCCAS","in modo saltuario","HSC","per 100 persone con le stesse caratteristiche","2020","2020",9.6,,
"2","centro area metropolitana","3_SPORT_OCCAS","in modo saltuario","HSC","per 100 persone con le stesse caratteristiche","2021","2021",10.7,,
"ITE1","Toscana","3_SPORT_CONT","in modo continuativo","HSC","per 100 persone con le stesse caratteristiche","2020","2020",29.6,,
"ITE1","Toscana","3_SPORT_CONT","in modo continuativo","HSC","per 100 persone con le stesse caratteristiche","2021","2021",26.5,,
"ITE1","Toscana","3_SPORT_OCCAS","in modo saltuario","THV","valori in migliaia","2020","2020",346,,
"ITE1","Toscana","3_SPORT_OCCAS","in modo saltuario","THV","valori in migliaia","2021","2021",451,,
"ITC1","Piemonte","3_SPORT_CONT","in modo continuativo","HSC","per 100 persone con le stesse caratteristiche","2020","2020",27.9,,
"ITC1","Piemonte","3_SPORT_CONT","in modo continuativo","HSC","per 100 persone con le stesse caratteristiche","2021","2021",26,,
"ITE3","Marche","3_SPORT_CONT","in modo continuativo","HSC","per 100 persone con le stesse caratteristiche","2020","2020",27.6,,
"ITE3","Marche","3_SPORT_CONT","in modo continuativo","HSC","per 100 persone con le stesse caratteristiche","2021","2021",25.5,,
"ITF5","Basilicata","3_SPORT_CONT","in modo continuativo","THV","valori in migliaia","2020","2020",96,,
"ITF5","Basilicata","3_SPORT_CONT","in modo continuativo","THV","valori in migliaia","2021","2021",86,,
"ITE3","Marche","3_NEV_SPORT","non praticano sport, né attività fisica","THV","valori in migliaia","2020","2020",462,,
"ITE3","Marche","3_NEV_SPORT","non praticano sport, né attività fisica","THV","valori in migliaia","2021","2021",447,,
"ITC4","Lombardia","3_NEV_SPORT","non praticano sport, né attività fisica","HSC","per 100 persone con le stesse caratteristiche","2020","2020",25.5,,
"ITC4","Lombardia","3_NEV_SPORT","non praticano sport, né attività fisica","HSC","per 100 persone con le stesse caratteristiche","2021","2021",22.6,,
"ITC","Nord-ovest","3_SPORT_OCCAS","in modo saltuario","THV","valori in migliaia","2020","2020",1615,,
"ITC","Nord-ovest","3_SPORT_OCCAS","in modo saltuario","THV","valori in migliaia","2021","2021",2005,,
"ITE1","Toscana","3_NEV_SPORT","non praticano sport, né attività fisica","THV","valori in migliaia","2020","2020",1072,,
"ITE1","Toscana","3_NEV_SPORT","non praticano sport, né attività fisica","THV","valori in migliaia","2021","2021",964,,
"ITD2","Provincia Autonoma Trento","3_NEV_SPORT","non praticano sport, né attività fisica","THV","valori in migliaia","2020","2020",91,,
"ITD2","Provincia Autonoma Trento","3_NEV_SPORT","non praticano sport, né attività fisica","THV","valori in migliaia","2021","2021",65,,
"ITC","Nord-ovest","3_SPORT_CONT","in modo continuativo","HSC","per 100 persone con le stesse caratteristiche","2020","2020",31.4,,
"ITC","Nord-ovest","3_SPORT_CONT","in modo continuativo","HSC","per 100 persone con le stesse caratteristiche","2021","2021",27,,
"7","2.001 - 10.000 ab.","3_SPORT_OCCAS","in modo saltuario","THV","valori in migliaia","2020","2020",1230,,
"7","2.001 - 10.000 ab.","3_SPORT_OCCAS","in modo saltuario","THV","valori in migliaia","2021","2021",1510,,
"ITC1","Piemonte","3_PHYS_ACTIV","solo qualche attività fisica","HSC","per 100 persone con le stesse caratteristiche","2020","2020",30,,
"ITC1","Piemonte","3_PHYS_ACTIV","solo qualche attività fisica","HSC","per 100 persone con le stesse caratteristiche","2021","2021",31.5,,
"8","10.001 - 50.000 ab.","3_NEV_SPORT","non praticano sport, né attività fisica","THV","valori in migliaia","2020","2020",5571,,
"8","10.001 - 50.000 ab.","3_NEV_SPORT","non praticano sport, né attività fisica","THV","valori in migliaia","2021","2021",5028,,
"ITF3","Campania","3_SPORT_CONT","in modo continuativo","THV","valori in migliaia","2020","2020",964,,
"ITF3","Campania","3_SPORT_CONT","in modo continuativo","THV","valori in migliaia","2021","2021",802,,
"ITDA","Trentino Alto Adige / Südtirol","3_NEV_SPORT","non praticano sport, né attività fisica","THV","valori in migliaia","2020","2020",165,,
"ITDA","Trentino Alto Adige / Südtirol","3_NEV_SPORT","non praticano sport, né attività fisica","THV","valori in migliaia","2021","2021",139,,
"7","2.001 - 10.000 ab.","3_SPORT_CONT","in modo continuativo","HSC","per 100 persone con le stesse caratteristiche","2020","2020",25.6,,
"7","2.001 - 10.000 ab.","3_SPORT_CONT","in modo continuativo","HSC","per 100 persone con le stesse caratteristiche","2021","2021",22.2,,
"ITD3","Veneto","3_SPORT_CONT","in modo continuativo","HSC","per 100 persone con le stesse caratteristiche","2020","2020",31.4,,
"ITD3","Veneto","3_SPORT_CONT","in modo continuativo","HSC","per 100 persone con le stesse caratteristiche","2021","2021",27.8,,
"ITC","Nord-ovest","3_PHYS_ACTIV","solo qualche attività fisica","HSC","per 100 persone con le stesse caratteristiche","2020","2020",31,,
"ITC","Nord-ovest","3_PHYS_ACTIV","solo qualche attività fisica","HSC","per 100 persone con le stesse caratteristiche","2021","2021",35.3,,
"ITD3","Veneto","3_NEV_SPORT","non praticano sport, né attività fisica","THV","valori in migliaia","2020","2020",1022,,
"ITD3","Veneto","3_NEV_SPORT","non praticano sport, né attività fisica","THV","valori in migliaia","2021","2021",1109,,
"ITF4","Puglia","3_PHYS_ACTIV","solo qualche attività fisica","THV","valori in migliaia","2020","2020",927,,
"ITF4","Puglia","3_PHYS_ACTIV","solo qualche attività fisica","THV","valori in migliaia","2021","2021",945,,
"ITF3","Campania","3_SPORT_OCCAS","in modo saltuario","HSC","per 100 persone con le stesse caratteristiche","2020","2020",5.6,,
"ITF3","Campania","3_SPORT_OCCAS","in modo saltuario","HSC","per 100 persone con le stesse caratteristiche","2021","2021",6.5,,
"ITE2","Umbria","3_NEV_SPORT","non praticano sport, né attività fisica","THV","valori in migliaia","2020","2020",306,,
"ITE2","Umbria","3_NEV_SPORT","non praticano sport, né attività fisica","THV","valori in migliaia","2021","2021",276,,
"ITC2","Valle d'Aosta / Vallée d'Aoste","3_PHYS_ACTIV","solo qualche attività fisica","THV","valori in migliaia","2020","2020",31,,
"ITC2","Valle d'Aosta / Vallée d'Aoste","3_PHYS_ACTIV","solo qualche attività fisica","THV","valori in migliaia","2021","2021",41,,
"ITG1","Sicilia","3_SPORT_CONT","in modo continuativo","THV","valori in migliaia","2020","2020",836,,
"ITG1","Sicilia","3_SPORT_CONT","in modo continuativo","THV","valori in migliaia","2021","2021",749,,
"2","centro area metropolitana","3_PHYS_ACTIV","solo qualche attività fisica","THV","valori in migliaia","2020","2020",2489,,
"2","centro area metropolitana","3_PHYS_ACTIV","solo qualche attività fisica","THV","valori in migliaia","2021","2021",2922,,
"ITG","Isole","3_SPORT_CONT","in modo continuativo","HSC","per 100 persone con le stesse caratteristiche","2020","2020",19.9,,
"ITG","Isole","3_SPORT_CONT","in modo continuativo","HSC","per 100 persone con le stesse caratteristiche","2021","2021",17.3,,
"ITF1","Abruzzo","3_SPORT_CONT","in modo continuativo","HSC","per 100 persone con le stesse caratteristiche","2020","2020",25.9,,
"ITF1","Abruzzo","3_SPORT_CONT","in modo continuativo","HSC","per 100 persone con le stesse caratteristiche","2021","2021",23.5,,
"ITF1","Abruzzo","3_NEV_SPORT","non praticano sport, né attività fisica","THV","valori in migliaia","2020","2020",464,,
"ITF1","Abruzzo","3_NEV_SPORT","non praticano sport, né attività fisica","THV","valori in migliaia","2021","2021",427,,
"ITF1","Abruzzo","3_PHYS_ACTIV","solo qualche attività fisica","HSC","per 100 persone con le stesse caratteristiche","2020","2020",29.6,,
"ITF1","Abruzzo","3_PHYS_ACTIV","solo qualche attività fisica","HSC","per 100 persone con le stesse caratteristiche","2021","2021",31,,
"ITE4","Lazio","3_PHYS_ACTIV","solo qualche attività fisica","THV","valori in migliaia","2020","2020",1443,,
"ITE4","Lazio","3_PHYS_ACTIV","solo qualche attività fisica","THV","valori in migliaia","2021","2021",1812,,
"ITE4","Lazio","3_SPORT_OCCAS","in modo saltuario","HSC","per 100 persone con le stesse caratteristiche","2020","2020",10.2,,
"ITE4","Lazio","3_SPORT_OCCAS","in modo saltuario","HSC","per 100 persone con le stesse caratteristiche","2021","2021",9.8,,
"ITF","Sud","3_SPORT_OCCAS","in modo saltuario","THV","valori in migliaia","2020","2020",955,,
"ITF","Sud","3_SPORT_OCCAS","in modo saltuario","THV","valori in migliaia","2021","2021",1122,,
"6","fino a 2.000 ab.","3_SPORT_CONT","in modo continuativo","THV","valori in migliaia","2020","2020",731,,
"6","fino a 2.000 ab.","3_SPORT_CONT","in modo continuativo","THV","valori in migliaia","2021","2021",603,,
"ITC4","Lombardia","3_PHYS_ACTIV","solo qualche attività fisica","THV","valori in migliaia","2020","2020",3008,,
"ITC4","Lombardia","3_PHYS_ACTIV","solo qualche attività fisica","THV","valori in migliaia","2021","2021",3569,,
"3","periferia area metropolitana","3_NEV_SPORT","non praticano sport, né attività fisica","THV","valori in migliaia","2020","2020",2998,,
"3","periferia area metropolitana","3_NEV_SPORT","non praticano sport, né attività fisica","THV","valori in migliaia","2021","2021",3053,,
"ITE3","Marche","3_SPORT_OCCAS","in modo saltuario","THV","valori in migliaia","2020","2020",135,,
"ITE3","Marche","3_SPORT_OCCAS","in modo saltuario","THV","valori in migliaia","2021","2021",157,,
"ITC3","Liguria","3_NEV_SPORT","non praticano sport, né attività fisica","HSC","per 100 persone con le stesse caratteristiche","2020","2020",25.8,,
"ITC3","Liguria","3_NEV_SPORT","non praticano sport, né attività fisica","HSC","per 100 persone con le stesse caratteristiche","2021","2021",25.2,,
"2","centro area metropolitana","3_SPORT_CONT","in modo continuativo","THV","valori in migliaia","2020","2020",2713,,
"2","centro area metropolitana","3_SPORT_CONT","in modo continuativo","THV","valori in migliaia","2021","2021",2230,,
"ITC1","Piemonte","3_NEV_SPORT","non praticano sport, né attività fisica","THV","valori in migliaia","2020","2020",1339,,
"ITC1","Piemonte","3_NEV_SPORT","non praticano sport, né attività fisica","THV","valori in migliaia","2021","2021",1267,,
"ITFG","Mezzogiorno","3_NEV_SPORT","non praticano sport, né attività fisica","HSC","per 100 persone con le stesse caratteristiche","2020","2020",49.8,,
"ITFG","Mezzogiorno","3_NEV_SPORT","non praticano sport, né attività fisica","HSC","per 100 persone con le stesse caratteristiche","2021","2021",48.2,,
"6","fino a 2.000 ab.","3_SPORT_OCCAS","in modo saltuario","HSC","per 100 persone con le stesse caratteristiche","2020","2020",9.3,,
"6","fino a 2.000 ab.","3_SPORT_OCCAS","in modo saltuario","HSC","per 100 persone con le stesse caratteristiche","2021","2021",10.3,,
"ITF2","Molise","3_PHYS_ACTIV","solo qualche attività fisica","HSC","per 100 persone con le stesse caratteristiche","2020","2020",25.2,,
"ITF2","Molise","3_PHYS_ACTIV","solo qualche attività fisica","HSC","per 100 persone con le stesse caratteristiche","2021","2021",30.2,,
"ITD2","Provincia Autonoma Trento","3_PHYS_ACTIV","solo qualche attività fisica","HSC","per 100 persone con le stesse caratteristiche","2020","2020",31.2,,
"ITD2","Provincia Autonoma Trento","3_PHYS_ACTIV","solo qualche attività fisica","HSC","per 100 persone con le stesse caratteristiche","2021","2021",39.3,,
"ITE1","Toscana","3_SPORT_CONT","in modo continuativo","THV","valori in migliaia","2020","2020",1071,,
"ITE1","Toscana","3_SPORT_CONT","in modo continuativo","THV","valori in migliaia","2021","2021",955,,
"6","fino a 2.000 ab.","3_PHYS_ACTIV","solo qualche attività fisica","THV","valori in migliaia","2020","2020",908,,
"6","fino a 2.000 ab.","3_PHYS_ACTIV","solo qualche attività fisica","THV","valori in migliaia","2021","2021",984,,
"ITD","Nord-est","3_SPORT_OCCAS","in modo saltuario","THV","valori in migliaia","2020","2020",1423,,
"ITD","Nord-est","3_SPORT_OCCAS","in modo saltuario","THV","valori in migliaia","2021","2021",1469,,
"ITFG","Mezzogiorno","3_SPORT_CONT","in modo continuativo","THV","valori in migliaia","2020","2020",3931,,
"ITFG","Mezzogiorno","3_SPORT_CONT","in modo continuativo","THV","valori in migliaia","2021","2021",3319,,
"6","fino a 2.000 ab.","3_SPORT_OCCAS","in modo saltuario","THV","valori in migliaia","2020","2020",275,,
"6","fino a 2.000 ab.","3_SPORT_OCCAS","in modo saltuario","THV","valori in migliaia","2021","2021",307,,
"7","2.001 - 10.000 ab.","3_SPORT_CONT","in modo continuativo","THV","valori in migliaia","2020","2020",3352,,
"7","2.001 - 10.000 ab.","3_SPORT_CONT","in modo continuativo","THV","valori in migliaia","2021","2021",2907,,
"6","fino a 2.000 ab.","3_SPORT_CONT","in modo continuativo","HSC","per 100 persone con le stesse caratteristiche","2020","2020",24.6,,
"6","fino a 2.000 ab.","3_SPORT_CONT","in modo continuativo","HSC","per 100 persone con le stesse caratteristiche","2021","2021",20.3,,
"ITF","Sud","3_SPORT_OCCAS","in modo saltuario","HSC","per 100 persone con le stesse caratteristiche","2020","2020",7.1,,
"ITF","Sud","3_SPORT_OCCAS","in modo saltuario","HSC","per 100 persone con le stesse caratteristiche","2021","2021",8.3,,
"ITDA","Trentino Alto Adige / Südtirol","3_PHYS_ACTIV","solo qualche attività fisica","THV","valori in migliaia","2020","2020",292,,
"ITDA","Trentino Alto Adige / Südtirol","3_PHYS_ACTIV","solo qualche attività fisica","THV","valori in migliaia","2021","2021",332,,
"ITE","Centro","3_SPORT_CONT","in modo continuativo","THV","valori in migliaia","2020","2020",3407,,
"ITE","Centro","3_SPORT_CONT","in modo continuativo","THV","valori in migliaia","2021","2021",3001,,
"8","10.001 - 50.000 ab.","3_SPORT_OCCAS","in modo saltuario","HSC","per 100 persone con le stesse caratteristiche","2020","2020",9.5,,
"8","10.001 - 50.000 ab.","3_SPORT_OCCAS","in modo saltuario","HSC","per 100 persone con le stesse caratteristiche","2021","2021",10.7,,
"ITC3","Liguria","3_SPORT_CONT","in modo continuativo","THV","valori in migliaia","2020","2020",423,,
"ITC3","Liguria","3_SPORT_CONT","in modo continuativo","THV","valori in migliaia","2021","2021",345,,
"ITD3","Veneto","3_PHYS_ACTIV","solo qualche attività fisica","HSC","per 100 persone con le stesse caratteristiche","2020","2020",34.7,,
"ITD3","Veneto","3_PHYS_ACTIV","solo qualche attività fisica","HSC","per 100 persone con le stesse caratteristiche","2021","2021",34.4,,
"ITE4","Lazio","3_SPORT_CONT","in modo continuativo","THV","valori in migliaia","2020","2020",1717,,
"ITE4","Lazio","3_SPORT_CONT","in modo continuativo","THV","valori in migliaia","2021","2021",1472,,
"ITF4","Puglia","3_NEV_SPORT","non praticano sport, né attività fisica","HSC","per 100 persone con le stesse caratteristiche","2020","2020",44.3,,
"ITF4","Puglia","3_NEV_SPORT","non praticano sport, né attività fisica","HSC","per 100 persone con le stesse caratteristiche","2021","2021",47.2,,
"ITC4","Lombardia","3_SPORT_CONT","in modo continuativo","THV","valori in migliaia","2020","2020",3264,,
"ITC4","Lombardia","3_SPORT_CONT","in modo continuativo","THV","valori in migliaia","2021","2021",2742,,
"ITF6","Calabria","3_SPORT_CONT","in modo continuativo","HSC","per 100 persone con le stesse caratteristiche","2020","2020",17.8,,
"ITF6","Calabria","3_SPORT_CONT","in modo continuativo","HSC","per 100 persone con le stesse caratteristiche","2021","2021",15.8,,
"9","50.001 ab. e più","3_PHYS_ACTIV","solo qualche attività fisica","HSC","per 100 persone con le stesse caratteristiche","2020","2020",27.1,,
"9","50.001 ab. e più","3_PHYS_ACTIV","solo qualche attività fisica","HSC","per 100 persone con le stesse caratteristiche","2021","2021",31,,
"ITD1","Provincia Autonoma Bolzano / Bozen","3_NEV_SPORT","non praticano sport, né attività fisica","THV","valori in migliaia","2020","2020",74,,
"ITD1","Provincia Autonoma Bolzano / Bozen","3_NEV_SPORT","non praticano sport, né attività fisica","THV","valori in migliaia","2021","2021",74,,
"ITCD","Nord","3_PHYS_ACTIV","solo qualche attività fisica","HSC","per 100 persone con le stesse caratteristiche","2020","2020",31.5,,
"ITCD","Nord","3_PHYS_ACTIV","solo qualche attività fisica","HSC","per 100 persone con le stesse caratteristiche","2021","2021",34.9,,
"ITC1","Piemonte","3_SPORT_OCCAS","in modo saltuario","THV","valori in migliaia","2020","2020",432,,
"ITC1","Piemonte","3_SPORT_OCCAS","in modo saltuario","THV","valori in migliaia","2021","2021",513,,
"9","50.001 ab. e più","3_NEV_SPORT","non praticano sport, né attività fisica","THV","valori in migliaia","2020","2020",3383,,
"9","50.001 ab. e più","3_NEV_SPORT","non praticano sport, né attività fisica","THV","valori in migliaia","2021","2021",3385,,
"ITD","Nord-est","3_SPORT_CONT","in modo continuativo","HSC","per 100 persone con le stesse caratteristiche","2020","2020",31.8,,
"ITD","Nord-est","3_SPORT_CONT","in modo continuativo","HSC","per 100 persone con le stesse caratteristiche","2021","2021",28.6,,
"9","50.001 ab. e più","3_PHYS_ACTIV","solo qualche attività fisica","THV","valori in migliaia","2020","2020",2679,,
"9","50.001 ab. e più","3_PHYS_ACTIV","solo qualche attività fisica","THV","valori in migliaia","2021","2021",3062,,
"ITCD","Nord","3_PHYS_ACTIV","solo qualche attività fisica","THV","valori in migliaia","2020","2020",8479,,
"ITCD","Nord","3_PHYS_ACTIV","solo qualche attività fisica","THV","valori in migliaia","2021","2021",9394,,
"ITCD","Nord","3_SPORT_OCCAS","in modo saltuario","HSC","per 100 persone con le stesse caratteristiche","2020","2020",11.3,,
"ITCD","Nord","3_SPORT_OCCAS","in modo saltuario","HSC","per 100 persone con le stesse caratteristiche","2021","2021",12.9,,
"ITF1","Abruzzo","3_PHYS_ACTIV","solo qualche attività fisica","THV","valori in migliaia","2020","2020",376,,
"ITF1","Abruzzo","3_PHYS_ACTIV","solo qualche attività fisica","THV","valori in migliaia","2021","2021",393,,
"ITC4","Lombardia","3_SPORT_OCCAS","in modo saltuario","THV","valori in migliaia","2020","2020",1006,,
"ITC4","Lombardia","3_SPORT_OCCAS","in modo saltuario","THV","valori in migliaia","2021","2021",1279,,
"ITC4","Lombardia","3_SPORT_CONT","in modo continuativo","HSC","per 100 persone con le stesse caratteristiche","2020","2020",33.4,,
"ITC4","Lombardia","3_SPORT_CONT","in modo continuativo","HSC","per 100 persone con le stesse caratteristiche","2021","2021",28,,
"ITE4","Lazio","3_SPORT_OCCAS","in modo saltuario","THV","valori in migliaia","2020","2020",580,,
"ITE4","Lazio","3_SPORT_OCCAS","in modo saltuario","THV","valori in migliaia","2021","2021",557,,
"3","periferia area metropolitana","3_SPORT_OCCAS","in modo saltuario","HSC","per 100 persone con le stesse caratteristiche","2020","2020",9.5,,
"3","periferia area metropolitana","3_SPORT_OCCAS","in modo saltuario","HSC","per 100 persone con le stesse caratteristiche","2021","2021",10.3,,
"ITE4","Lazio","3_SPORT_CONT","in modo continuativo","HSC","per 100 persone con le stesse caratteristiche","2020","2020",30.2,,
"ITE4","Lazio","3_SPORT_CONT","in modo continuativo","HSC","per 100 persone con le stesse caratteristiche","2021","2021",25.8,,
"ITF3","Campania","3_PHYS_ACTIV","solo qualche attività fisica","THV","valori in migliaia","2020","2020",1210,,
"ITF3","Campania","3_PHYS_ACTIV","solo qualche attività fisica","THV","valori in migliaia","2021","2021",1479,,
"ITE2","Umbria","3_SPORT_CONT","in modo continuativo","THV","valori in migliaia","2020","2020",212,,
"ITE2","Umbria","3_SPORT_CONT","in modo continuativo","THV","valori in migliaia","2021","2021",200,,
"9","50.001 ab. e più","3_NEV_SPORT","non praticano sport, né attività fisica","HSC","per 100 persone con le stesse caratteristiche","2020","2020",34.2,,
"9","50.001 ab. e più","3_NEV_SPORT","non praticano sport, né attività fisica","HSC","per 100 persone con le stesse caratteristiche","2021","2021",34.3,,
"ITF","Sud","3_PHYS_ACTIV","solo qualche attività fisica","THV","valori in migliaia","2020","2020",3202,,
"ITF","Sud","3_PHYS_ACTIV","solo qualche attività fisica","THV","valori in migliaia","2021","2021",3560,,
"ITF1","Abruzzo","3_NEV_SPORT","non praticano sport, né attività fisica","HSC","per 100 persone con le stesse caratteristiche","2020","2020",36.6,,
"ITF1","Abruzzo","3_NEV_SPORT","non praticano sport, né attività fisica","HSC","per 100 persone con le stesse caratteristiche","2021","2021",33.7,,
"8","10.001 - 50.000 ab.","3_PHYS_ACTIV","solo qualche attività fisica","THV","valori in migliaia","2020","2020",4407,,
"8","10.001 - 50.000 ab.","3_PHYS_ACTIV","solo qualche attività fisica","THV","valori in migliaia","2021","2021",4867,,
"ITC","Nord-ovest","3_SPORT_CONT","in modo continuativo","THV","valori in migliaia","2020","2020",4900,,
"ITC","Nord-ovest","3_SPORT_CONT","in modo continuativo","THV","valori in migliaia","2021","2021",4218,,
"3","periferia area metropolitana","3_PHYS_ACTIV","solo qualche attività fisica","HSC","per 100 persone con le stesse caratteristiche","2020","2020",26.4,,
"3","periferia area metropolitana","3_PHYS_ACTIV","solo qualche attività fisica","HSC","per 100 persone con le stesse caratteristiche","2021","2021",28.8,,
"ITF6","Calabria","3_NEV_SPORT","non praticano sport, né attività fisica","THV","valori in migliaia","2020","2020",943,,
"ITF6","Calabria","3_NEV_SPORT","non praticano sport, né attività fisica","THV","valori in migliaia","2021","2021",924,,
"ITF6","Calabria","3_PHYS_ACTIV","solo qualche attività fisica","HSC","per 100 persone con le stesse caratteristiche","2020","2020",25.3,,
"ITF6","Calabria","3_PHYS_ACTIV","solo qualche attività fisica","HSC","per 100 persone con le stesse caratteristiche","2021","2021",27.9,,
"9","50.001 ab. e più","3_SPORT_CONT","in modo continuativo","THV","valori in migliaia","2020","2020",2877,,
"9","50.001 ab. e più","3_SPORT_CONT","in modo continuativo","THV","valori in migliaia","2021","2021",2312,,
"ITD3","Veneto","3_NEV_SPORT","non praticano sport, né attività fisica","HSC","per 100 persone con le stesse caratteristiche","2020","2020",21.5,,
"ITD3","Veneto","3_NEV_SPORT","non praticano sport, né attività fisica","HSC","per 100 persone con le stesse caratteristiche","2021","2021",23.4,,
"ITF4","Puglia","3_PHYS_ACTIV","solo qualche attività fisica","HSC","per 100 persone con le stesse caratteristiche","2020","2020",23.8,,
"ITF4","Puglia","3_PHYS_ACTIV","solo qualche attività fisica","HSC","per 100 persone con le stesse caratteristiche","2021","2021",24.4,,
"ITC3","Liguria","3_SPORT_CONT","in modo continuativo","HSC","per 100 persone con le stesse caratteristiche","2020","2020",28.2,,
"ITC3","Liguria","3_SPORT_CONT","in modo continuativo","HSC","per 100 persone con le stesse caratteristiche","2021","2021",23.1,,
"ITF1","Abruzzo","3_SPORT_OCCAS","in modo saltuario","HSC","per 100 persone con le stesse caratteristiche","2020","2020",7.8,,
"ITF1","Abruzzo","3_SPORT_OCCAS","in modo saltuario","HSC","per 100 persone con le stesse caratteristiche","2021","2021",11.8,,
"ITF2","Molise","3_NEV_SPORT","non praticano sport, né attività fisica","THV","valori in migliaia","2020","2020",127,,
"ITF2","Molise","3_NEV_SPORT","non praticano sport, né attività fisica","THV","valori in migliaia","2021","2021",134,,
"ITG1","Sicilia","3_NEV_SPORT","non praticano sport, né attività fisica","HSC","per 100 persone con le stesse caratteristiche","2020","2020",56.8,,
"ITG1","Sicilia","3_NEV_SPORT","non praticano sport, né attività fisica","HSC","per 100 persone con le stesse caratteristiche","2021","2021",52.2,,
"ITC1","Piemonte","3_SPORT_CONT","in modo continuativo","THV","valori in migliaia","2020","2020",1171,,
"ITC1","Piemonte","3_SPORT_CONT","in modo continuativo","THV","valori in migliaia","2021","2021",1092,,
"9","50.001 ab. e più","3_SPORT_OCCAS","in modo saltuario","HSC","per 100 persone con le stesse caratteristiche","2020","2020",9.6,,
"9","50.001 ab. e più","3_SPORT_OCCAS","in modo saltuario","HSC","per 100 persone con le stesse caratteristiche","2021","2021",11.2,,
"ITG2","Sardegna","3_PHYS_ACTIV","solo qualche attività fisica","THV","valori in migliaia","2020","2020",488,,
"ITG2","Sardegna","3_PHYS_ACTIV","solo qualche attività fisica","THV","valori in migliaia","2021","2021",576,,
"ITC","Nord-ovest","3_NEV_SPORT","non praticano sport, né attività fisica","THV","valori in migliaia","2020","2020",4249,,
"ITC","Nord-ovest","3_NEV_SPORT","non praticano sport, né attività fisica","THV","valori in migliaia","2021","2021",3881,,
"ITG2","Sardegna","3_SPORT_OCCAS","in modo saltuario","HSC","per 100 persone con le stesse caratteristiche","2020","2020",9.3,,
"ITG2","Sardegna","3_SPORT_OCCAS","in modo saltuario","HSC","per 100 persone con le stesse caratteristiche","2021","2021",9.6,,
"ITD4","Friuli-Venezia Giulia","3_SPORT_CONT","in modo continuativo","HSC","per 100 persone con le stesse caratteristiche","2020","2020",32.2,,
"ITD4","Friuli-Venezia Giulia","3_SPORT_CONT","in modo continuativo","HSC","per 100 persone con le stesse caratteristiche","2021","2021",24.2,,
"ITD4","Friuli-Venezia Giulia","3_SPORT_OCCAS","in modo saltuario","THV","valori in migliaia","2020","2020",125,,
"ITD4","Friuli-Venezia Giulia","3_SPORT_OCCAS","in modo saltuario","THV","valori in migliaia","2021","2021",157,,
"ITE3","Marche","3_SPORT_CONT","in modo continuativo","THV","valori in migliaia","2020","2020",406,,
"ITE3","Marche","3_SPORT_CONT","in modo continuativo","THV","valori in migliaia","2021","2021",374,,
"ITF2","Molise","3_NEV_SPORT","non praticano sport, né attività fisica","HSC","per 100 persone con le stesse caratteristiche","2020","2020",43,,
"ITF2","Molise","3_NEV_SPORT","non praticano sport, né attività fisica","HSC","per 100 persone con le stesse caratteristiche","2021","2021",46.2,,
"ITG2","Sardegna","3_NEV_SPORT","non praticano sport, né attività fisica","HSC","per 100 persone con le stesse caratteristiche","2020","2020",32.3,,
"ITG2","Sardegna","3_NEV_SPORT","non praticano sport, né attività fisica","HSC","per 100 persone con le stesse caratteristiche","2021","2021",31.6,,
"ITC2","Valle d'Aosta / Vallée d'Aoste","3_SPORT_CONT","in modo continuativo","HSC","per 100 persone con le stesse caratteristiche","2020","2020",34.1,,
"ITC2","Valle d'Aosta / Vallée d'Aoste","3_SPORT_CONT","in modo continuativo","HSC","per 100 persone con le stesse caratteristiche","2021","2021",32.5,,
"ITF5","Basilicata","3_NEV_SPORT","non praticano sport, né attività fisica","HSC","per 100 persone con le stesse caratteristiche","2020","2020",49.3,,
"ITF5","Basilicata","3_NEV_SPORT","non praticano sport, né attività fisica","HSC","per 100 persone con le stesse caratteristiche","2021","2021",50,,
"ITD4","Friuli-Venezia Giulia","3_NEV_SPORT","non praticano sport, né attività fisica","THV","valori in migliaia","2020","2020",296,,
"ITD4","Friuli-Venezia Giulia","3_NEV_SPORT","non praticano sport, né attività fisica","THV","valori in migliaia","2021","2021",293,,
"ITC2","Valle d'Aosta / Vallée d'Aoste","3_SPORT_OCCAS","in modo saltuario","THV","valori in migliaia","2020","2020",19,,
"ITC2","Valle d'Aosta / Vallée d'Aoste","3_SPORT_OCCAS","in modo saltuario","THV","valori in migliaia","2021","2021",17,,
"ITC3","Liguria","3_SPORT_OCCAS","in modo saltuario","HSC","per 100 persone con le stesse caratteristiche","2020","2020",10.5,,
"ITC3","Liguria","3_SPORT_OCCAS","in modo saltuario","HSC","per 100 persone con le stesse caratteristiche","2021","2021",13.1,,
"ITD5","Emilia-Romagna","3_SPORT_CONT","in modo continuativo","HSC","per 100 persone con le stesse caratteristiche","2020","2020",30.3,,
"ITD5","Emilia-Romagna","3_SPORT_CONT","in modo continuativo","HSC","per 100 persone con le stesse caratteristiche","2021","2021",28,,
"ITD4","Friuli-Venezia Giulia","3_PHYS_ACTIV","solo qualche attività fisica","HSC","per 100 persone con le stesse caratteristiche","2020","2020",32,,
"ITD4","Friuli-Venezia Giulia","3_PHYS_ACTIV","solo qualche attività fisica","HSC","per 100 persone con le stesse caratteristiche","2021","2021",37.4,,
"ITE4","Lazio","3_NEV_SPORT","non praticano sport, né attività fisica","THV","valori in migliaia","2020","2020",1952,,
"ITE4","Lazio","3_NEV_SPORT","non praticano sport, né attività fisica","THV","valori in migliaia","2021","2021",1857,,
"ITC3","Liguria","3_PHYS_ACTIV","solo qualche attività fisica","THV","valori in migliaia","2020","2020",532,,
"ITC3","Liguria","3_PHYS_ACTIV","solo qualche attività fisica","THV","valori in migliaia","2021","2021",575,,
"ITG","Isole","3_PHYS_ACTIV","solo qualche attività fisica","HSC","per 100 persone con le stesse caratteristiche","2020","2020",22.5,,
"ITG","Isole","3_PHYS_ACTIV","solo qualche attività fisica","HSC","per 100 persone con le stesse caratteristiche","2021","2021",27.6,,
"ITF","Sud","3_SPORT_CONT","in modo continuativo","HSC","per 100 persone con le stesse caratteristiche","2020","2020",19.7,,
"ITF","Sud","3_SPORT_CONT","in modo continuativo","HSC","per 100 persone con le stesse caratteristiche","2021","2021",16.5,,
"3","periferia area metropolitana","3_SPORT_CONT","in modo continuativo","THV","valori in migliaia","2020","2020",2385,,
"3","periferia area metropolitana","3_SPORT_CONT","in modo continuativo","THV","valori in migliaia","2021","2021",2079,,
"ITD5","Emilia-Romagna","3_PHYS_ACTIV","solo qualche attività fisica","HSC","per 100 persone con le stesse caratteristiche","2020","2020",30.4,,
"ITD5","Emilia-Romagna","3_PHYS_ACTIV","solo qualche attività fisica","HSC","per 100 persone con le stesse caratteristiche","2021","2021",34.2,,
"ITF6","Calabria","3_SPORT_CONT","in modo continuativo","THV","valori in migliaia","2020","2020",331,,
"ITF6","Calabria","3_SPORT_CONT","in modo continuativo","THV","valori in migliaia","2021","2021",293,,
"2","centro area metropolitana","3_NEV_SPORT","non praticano sport, né attività fisica","HSC","per 100 persone con le stesse caratteristiche","2020","2020",31.4,,
"2","centro area metropolitana","3_NEV_SPORT","non praticano sport, né attività fisica","HSC","per 100 persone con le stesse caratteristiche","2021","2021",30.9,,
"ITG1","Sicilia","3_PHYS_ACTIV","solo qualche attività fisica","THV","valori in migliaia","2020","2020",952,,
"ITG1","Sicilia","3_PHYS_ACTIV","solo qualche attività fisica","THV","valori in migliaia","2021","2021",1183,,
"8","10.001 - 50.000 ab.","3_SPORT_CONT","in modo continuativo","THV","valori in migliaia","2020","2020",3779,,
"8","10.001 - 50.000 ab.","3_SPORT_CONT","in modo continuativo","THV","valori in migliaia","2021","2021",3637,,
"ITD","Nord-est","3_NEV_SPORT","non praticano sport, né attività fisica","HSC","per 100 persone con le stesse caratteristiche","2020","2020",23.4,,
"ITD","Nord-est","3_NEV_SPORT","non praticano sport, né attività fisica","HSC","per 100 persone con le stesse caratteristiche","2021","2021",23.9,,
"ITE2","Umbria","3_NEV_SPORT","non praticano sport, né attività fisica","HSC","per 100 persone con le stesse caratteristiche","2020","2020",35.8,,
"ITE2","Umbria","3_NEV_SPORT","non praticano sport, né attività fisica","HSC","per 100 persone con le stesse caratteristiche","2021","2021",32.6,,
"ITC2","Valle d'Aosta / Vallée d'Aoste","3_PHYS_ACTIV","solo qualche attività fisica","HSC","per 100 persone con le stesse caratteristiche","2020","2020",25.2,,
"ITC2","Valle d'Aosta / Vallée d'Aoste","3_PHYS_ACTIV","solo qualche attività fisica","HSC","per 100 persone con le stesse caratteristiche","2021","2021",33.9,,
"ITC2","Valle d'Aosta / Vallée d'Aoste","3_NEV_SPORT","non praticano sport, né attività fisica","THV","valori in migliaia","2020","2020",31,,
"ITC2","Valle d'Aosta / Vallée d'Aoste","3_NEV_SPORT","non praticano sport, né attività fisica","THV","valori in migliaia","2021","2021",24,,
"ITF4","Puglia","3_NEV_SPORT","non praticano sport, né attività fisica","THV","valori in migliaia","2020","2020",1729,,
"ITF4","Puglia","3_NEV_SPORT","non praticano sport, né attività fisica","THV","valori in migliaia","2021","2021",1829,,
"ITD1","Provincia Autonoma Bolzano / Bozen","3_NEV_SPORT","non praticano sport, né attività fisica","HSC","per 100 persone con le stesse caratteristiche","2020","2020",14.5,,
"ITD1","Provincia Autonoma Bolzano / Bozen","3_NEV_SPORT","non praticano sport, né attività fisica","HSC","per 100 persone con le stesse caratteristiche","2021","2021",14.5,,
"ITC1","Piemonte","3_PHYS_ACTIV","solo qualche attività fisica","THV","valori in migliaia","2020","2020",1263,,
"ITC1","Piemonte","3_PHYS_ACTIV","solo qualche attività fisica","THV","valori in migliaia","2021","2021",1321,,
"ITC1","Piemonte","3_SPORT_OCCAS","in modo saltuario","HSC","per 100 persone con le stesse caratteristiche","2020","2020",10.3,,
"ITC1","Piemonte","3_SPORT_OCCAS","in modo saltuario","HSC","per 100 persone con le stesse caratteristiche","2021","2021",12.2,,
"ITD2","Provincia Autonoma Trento","3_SPORT_CONT","in modo continuativo","HSC","per 100 persone con le stesse caratteristiche","2020","2020",34,,
"ITD2","Provincia Autonoma Trento","3_SPORT_CONT","in modo continuativo","HSC","per 100 persone con le stesse caratteristiche","2021","2021",32.9,,
"ITDA","Trentino Alto Adige / Südtirol","3_SPORT_OCCAS","in modo saltuario","THV","valori in migliaia","2020","2020",173,,
"ITDA","Trentino Alto Adige / Südtirol","3_SPORT_OCCAS","in modo saltuario","THV","valori in migliaia","2021","2021",149,,
"ITDA","Trentino Alto Adige / Südtirol","3_SPORT_CONT","in modo continuativo","HSC","per 100 persone con le stesse caratteristiche","2020","2020",39.3,,
"ITDA","Trentino Alto Adige / Südtirol","3_SPORT_CONT","in modo continuativo","HSC","per 100 persone con le stesse caratteristiche","2021","2021",39.8,,
"ITF3","Campania","3_NEV_SPORT","non praticano sport, né attività fisica","HSC","per 100 persone con le stesse caratteristiche","2020","2020",55.5,,
"ITF3","Campania","3_NEV_SPORT","non praticano sport, né attività fisica","HSC","per 100 persone con le stesse caratteristiche","2021","2021",52.8,,
"ITCD","Nord","3_NEV_SPORT","non praticano sport, né attività fisica","THV","valori in migliaia","2020","2020",6899,,
"ITCD","Nord","3_NEV_SPORT","non praticano sport, né attività fisica","THV","valori in migliaia","2021","2021",6583,,
"7","2.001 - 10.000 ab.","3_PHYS_ACTIV","solo qualche attività fisica","THV","valori in migliaia","2020","2020",3717,,
"7","2.001 - 10.000 ab.","3_PHYS_ACTIV","solo qualche attività fisica","THV","valori in migliaia","2021","2021",4253,,
"ITD5","Emilia-Romagna","3_NEV_SPORT","non praticano sport, né attività fisica","THV","valori in migliaia","2020","2020",1167,,
"ITD5","Emilia-Romagna","3_NEV_SPORT","non praticano sport, né attività fisica","THV","valori in migliaia","2021","2021",1160,,
"ITG1","Sicilia","3_SPORT_OCCAS","in modo saltuario","HSC","per 100 persone con le stesse caratteristiche","2020","2020",5.8,,
"ITG1","Sicilia","3_SPORT_OCCAS","in modo saltuario","HSC","per 100 persone con le stesse caratteristiche","2021","2021",7.6,,
"7","2.001 - 10.000 ab.","3_SPORT_OCCAS","in modo saltuario","HSC","per 100 persone con le stesse caratteristiche","2020","2020",9.4,,
"7","2.001 - 10.000 ab.","3_SPORT_OCCAS","in modo saltuario","HSC","per 100 persone con le stesse caratteristiche","2021","2021",11.5,,
"ITG","Isole","3_NEV_SPORT","non praticano sport, né attività fisica","THV","valori in migliaia","2020","2020",3240,,
"ITG","Isole","3_NEV_SPORT","non praticano sport, né attività fisica","THV","valori in migliaia","2021","2021",3005,,
"ITFG","Mezzogiorno","3_PHYS_ACTIV","solo qualche attività fisica","THV","valori in migliaia","2020","2020",4642,,
"ITFG","Mezzogiorno","3_PHYS_ACTIV","solo qualche attività fisica","THV","valori in migliaia","2021","2021",5319,,
"ITF5","Basilicata","3_PHYS_ACTIV","solo qualche attività fisica","HSC","per 100 persone con le stesse caratteristiche","2020","2020",26.7,,
"ITF5","Basilicata","3_PHYS_ACTIV","solo qualche attività fisica","HSC","per 100 persone con le stesse caratteristiche","2021","2021",25.3,,
"ITF","Sud","3_NEV_SPORT","non praticano sport, né attività fisica","HSC","per 100 persone con le stesse caratteristiche","2020","2020",49.3,,
"ITF","Sud","3_NEV_SPORT","non praticano sport, né attività fisica","HSC","per 100 persone con le stesse caratteristiche","2021","2021",48.7,,
"ITFG","Mezzogiorno","3_SPORT_OCCAS","in modo saltuario","HSC","per 100 persone con le stesse caratteristiche","2020","2020",7,,
"ITFG","Mezzogiorno","3_SPORT_OCCAS","in modo saltuario","HSC","per 100 persone con le stesse caratteristiche","2021","2021",8.3,,
"ITF4","Puglia","3_SPORT_OCCAS","in modo saltuario","THV","valori in migliaia","2020","2020",371,,
"ITF4","Puglia","3_SPORT_OCCAS","in modo saltuario","THV","valori in migliaia","2021","2021",412,,
"ITF6","Calabria","3_SPORT_OCCAS","in modo saltuario","THV","valori in migliaia","2020","2020",111,,
"ITF6","Calabria","3_SPORT_OCCAS","in modo saltuario","THV","valori in migliaia","2021","2021",124,,
"ITF4","Puglia","3_SPORT_CONT","in modo continuativo","HSC","per 100 persone con le stesse caratteristiche","2020","2020",22.4,,
"ITF4","Puglia","3_SPORT_CONT","in modo continuativo","HSC","per 100 persone con le stesse caratteristiche","2021","2021",17.9,,
"ITE2","Umbria","3_PHYS_ACTIV","solo qualche attività fisica","THV","valori in migliaia","2020","2020",258,,
"ITE2","Umbria","3_PHYS_ACTIV","solo qualche attività fisica","THV","valori in migliaia","2021","2021",280,,
"ITE2","Umbria","3_SPORT_OCCAS","in modo saltuario","HSC","per 100 persone con le stesse caratteristiche","2020","2020",9,,
"ITE2","Umbria","3_SPORT_OCCAS","in modo saltuario","HSC","per 100 persone con le stesse caratteristiche","2021","2021",10.7,,
"ITE4","Lazio","3_PHYS_ACTIV","solo qualche attività fisica","HSC","per 100 persone con le stesse caratteristiche","2020","2020",25.4,,
"ITE4","Lazio","3_PHYS_ACTIV","solo qualche attività fisica","HSC","per 100 persone con le stesse caratteristiche","2021","2021",31.8,,
"ITF5","Basilicata","3_SPORT_CONT","in modo continuativo","HSC","per 100 persone con le stesse caratteristiche","2020","2020",17.7,,
"ITF5","Basilicata","3_SPORT_CONT","in modo continuativo","HSC","per 100 persone con le stesse caratteristiche","2021","2021",16,,
"ITF5","Basilicata","3_SPORT_OCCAS","in modo saltuario","THV","valori in migliaia","2020","2020",34,,
"ITF5","Basilicata","3_SPORT_OCCAS","in modo saltuario","THV","valori in migliaia","2021","2021",47,,
"ITD1","Provincia Autonoma Bolzano / Bozen","3_PHYS_ACTIV","solo qualche attività fisica","HSC","per 100 persone con le stesse caratteristiche","2020","2020",25,,
"ITD1","Provincia Autonoma Bolzano / Bozen","3_PHYS_ACTIV","solo qualche attività fisica","HSC","per 100 persone con le stesse caratteristiche","2021","2021",25,,
"ITF2","Molise","3_SPORT_OCCAS","in modo saltuario","THV","valori in migliaia","2020","2020",25,,
"ITF2","Molise","3_SPORT_OCCAS","in modo saltuario","THV","valori in migliaia","2021","2021",24,,
"ITF2","Molise","3_SPORT_CONT","in modo continuativo","HSC","per 100 persone con le stesse caratteristiche","2020","2020",23,,
"ITF2","Molise","3_SPORT_CONT","in modo continuativo","HSC","per 100 persone con le stesse caratteristiche","2021","2021",15.4,,
"ITD2","Provincia Autonoma Trento","3_SPORT_OCCAS","in modo saltuario","THV","valori in migliaia","2020","2020",92,,
"ITD2","Provincia Autonoma Trento","3_SPORT_OCCAS","in modo saltuario","THV","valori in migliaia","2021","2021",79,,
"8","10.001 - 50.000 ab.","3_NEV_SPORT","non praticano sport, né attività fisica","HSC","per 100 persone con le stesse caratteristiche","2020","2020",36.6,,
"8","10.001 - 50.000 ab.","3_NEV_SPORT","non praticano sport, né attività fisica","HSC","per 100 persone con le stesse caratteristiche","2021","2021",33.2,,
"ITE3","Marche","3_PHYS_ACTIV","solo qualche attività fisica","THV","valori in migliaia","2020","2020",467,,
"ITE3","Marche","3_PHYS_ACTIV","solo qualche attività fisica","THV","valori in migliaia","2021","2021",487,,
"ITE3","Marche","3_SPORT_OCCAS","in modo saltuario","HSC","per 100 persone con le stesse caratteristiche","2020","2020",9.2,,
"ITE3","Marche","3_SPORT_OCCAS","in modo saltuario","HSC","per 100 persone con le stesse caratteristiche","2021","2021",10.7,,
"ITD5","Emilia-Romagna","3_SPORT_OCCAS","in modo saltuario","THV","valori in migliaia","2020","2020",539,,
"ITD5","Emilia-Romagna","3_SPORT_OCCAS","in modo saltuario","THV","valori in migliaia","2021","2021",477,,
"ITG2","Sardegna","3_SPORT_CONT","in modo continuativo","HSC","per 100 persone con le stesse caratteristiche","2020","2020",27.5,,
"ITG2","Sardegna","3_SPORT_CONT","in modo continuativo","HSC","per 100 persone con le stesse caratteristiche","2021","2021",22.3,,
"ITC","Nord-ovest","3_PHYS_ACTIV","solo qualche attività fisica","THV","valori in migliaia","2020","2020",4833,,
"ITC","Nord-ovest","3_PHYS_ACTIV","solo qualche attività fisica","THV","valori in migliaia","2021","2021",5507,,
"ITC","Nord-ovest","3_SPORT_OCCAS","in modo saltuario","HSC","per 100 persone con le stesse caratteristiche","2020","2020",10.3,,
"ITC","Nord-ovest","3_SPORT_OCCAS","in modo saltuario","HSC","per 100 persone con le stesse caratteristiche","2021","2021",12.8,,
"ITD","Nord-est","3_PHYS_ACTIV","solo qualche attività fisica","THV","valori in migliaia","2020","2020",3645,,
"ITD","Nord-est","3_PHYS_ACTIV","solo qualche attività fisica","THV","valori in migliaia","2021","2021",3887,,
"ITD3","Veneto","3_PHYS_ACTIV","solo qualche attività fisica","THV","valori in migliaia","2020","2020",1656,,
"ITD3","Veneto","3_PHYS_ACTIV","solo qualche attività fisica","THV","valori in migliaia","2021","2021",1633,,
"ITF3","Campania","3_SPORT_OCCAS","in modo saltuario","THV","valori in migliaia","2020","2020",316,,
"ITF3","Campania","3_SPORT_OCCAS","in modo saltuario","THV","valori in migliaia","2021","2021",366,,
"ITCD","Nord","3_SPORT_CONT","in modo continuativo","THV","valori in migliaia","2020","2020",8500,,
"ITCD","Nord","3_SPORT_CONT","in modo continuativo","THV","valori in migliaia","2021","2021",7448,,
"ITD3","Veneto","3_SPORT_OCCAS","in modo saltuario","HSC","per 100 persone con le stesse caratteristiche","2020","2020",12.3,,
"ITD3","Veneto","3_SPORT_OCCAS","in modo saltuario","HSC","per 100 persone con le stesse caratteristiche","2021","2021",14.4,,
"ITDA","Trentino Alto Adige / Südtirol","3_NEV_SPORT","non praticano sport, né attività fisica","HSC","per 100 persone con le stesse caratteristiche","2020","2020",15.9,,
"ITDA","Trentino Alto Adige / Südtirol","3_NEV_SPORT","non praticano sport, né attività fisica","HSC","per 100 persone con le stesse caratteristiche","2021","2021",13.5,,
"ITF3","Campania","3_SPORT_CONT","in modo continuativo","HSC","per 100 persone con le stesse caratteristiche","2020","2020",17.1,,
"ITF3","Campania","3_SPORT_CONT","in modo continuativo","HSC","per 100 persone con le stesse caratteristiche","2021","2021",14.3,,
"ITD2","Provincia Autonoma Trento","3_NEV_SPORT","non praticano sport, né attività fisica","HSC","per 100 persone con le stesse caratteristiche","2020","2020",17.3,,
"ITD2","Provincia Autonoma Trento","3_NEV_SPORT","non praticano sport, né attività fisica","HSC","per 100 persone con le stesse caratteristiche","2021","2021",12.5,,
"ITE1","Toscana","3_NEV_SPORT","non praticano sport, né attività fisica","HSC","per 100 persone con le stesse caratteristiche","2020","2020",29.6,,
"ITE1","Toscana","3_NEV_SPORT","non praticano sport, né attività fisica","HSC","per 100 persone con le stesse caratteristiche","2021","2021",26.8,,
"ITE","Centro","3_SPORT_OCCAS","in modo saltuario","HSC","per 100 persone con le stesse caratteristiche","2020","2020",9.8,,
"ITE","Centro","3_SPORT_OCCAS","in modo saltuario","HSC","per 100 persone con le stesse caratteristiche","2021","2021",10.8,,
